account_id,balance,transaction_date,transaction_type,amount,customer_age,junk_field
4486,5880.949475920798,2021-06-05,transfer,1088.7856543200185,48,null_like
6870,6112.46001880132,2022-01-07,deposit,468.5166719875026,33,
4345,3712.963539239714,2022-01-10,transfer,1073.7704559326642,52,null_like
5261,5297.334914404223,2021-10-22,transfer,1152.5533666203646,41,null_like
6052,5860.083294382139,2021-02-15,withdrawal,1142.6724202216258,64,valid
8941,6082.925456409576,2021-11-09,deposit,1563.8560040974398,64,valid
6997,3663.8190927139026,2021-09-18,transfer,1067.7012412418057,60,
2365,4550.733700005951,2021-05-28,deposit,1484.5116868093942,59,null_like
3192,4704.794827402663,2022-05-09,transfer,792.7551370637152,36,invalid
2663,4626.256711677282,2020-05-16,deposit,1338.1550299987894,57,invalid
1009,6865.18166374618,2022-03-22,withdrawal,379.3830463195636,45,
6276,3153.5335077781915,2020-03-17,transfer,414.16507096635485,37,valid
1249,4949.946082509712,2021-09-28,transfer,1192.8300002346189,77,invalid
5243,6971.459991359726,2022-08-31,transfer,1005.4622427867777,42,invalid
7514,6766.219554294318,2022-07-27,transfer,1263.7685793400074,70,
3674,2286.83639075319,2022-06-18,withdrawal,1136.796908169725,26,invalid
4170,4835.697643214862,2020-10-07,deposit,1154.130420281246,55,null_like
3243,3393.6420986393105,2022-06-02,deposit,688.0353496086288,49,
1232,5565.1599009766,2022-01-31,withdrawal,0.0,60,
6625,3636.031504004403,2020-11-15,transfer,1395.5348511380546,43,invalid
5910,5827.5981949029965,2021-07-03,withdrawal,1683.6364031410412,76,null_like
6535,3724.520031497368,2020-06-23,deposit,799.4705749378069,20,
1512,6767.319874973345,2021-01-06,withdrawal,1744.8825700342832,69,
9905,4141.188917749494,2021-06-11,deposit,1821.8452476261193,68,null_like
9120,6363.782979252623,2020-07-29,deposit,1982.6707308610423,30,junk_value
1098,9326.50944661092,2020-08-23,deposit,1734.899463138644,26,invalid
9110,1859.550560219087,2020-04-11,deposit,100000.0,31,null_like
5524,7634.23013467973,2022-09-13,deposit,1330.8947273453673,45,
3116,1769.736368188981,2022-06-21,withdrawal,920.8680592980047,21,valid
9766,2123.4440433652667,2022-08-05,withdrawal,1605.3452868779514,30,invalid
6315,6045.670976070999,2020-12-12,transfer,887.5832484763761,76,
2306,5393.10955302315,2020-05-19,deposit,907.2852661734631,37,invalid
4636,4802.2206936177145,2021-09-13,withdrawal,1400.3740106616497,40,valid
7731,4874.813744200956,2021-05-14,withdrawal,805.4188414570165,75,invalid
2081,4654.7454001183605,2021-01-05,deposit,1352.2673995512548,44,null_like
3911,2241.3615439709456,2020-07-17,deposit,1712.2310065663173,62,valid
8350,6158.582999202177,2021-11-18,withdrawal,671.6576049449445,36,valid
3779,3589.9762884831825,2021-08-07,transfer,1086.980574842854,77,valid
1793,4928.717035405033,2022-06-20,deposit,515.9458558354412,32,
5297,,2020-02-29,withdrawal,723.8391632113278,39,invalid
7614,5119.260739840348,2020-11-24,withdrawal,949.0683028171713,52,
3454,6415.50387091095,2020-04-06,deposit,897.5381041129456,29,
6801,8006.7966035343015,2020-11-08,deposit,1599.4176483556782,62,null_like
4701,7374.772103129502,2022-09-01,deposit,971.7350583101598,48,invalid
8455,3694.752041395218,2020-10-26,withdrawal,1481.6224936932722,71,valid
4420,5704.110793028593,2020-10-04,transfer,616.3564548874004,42,valid
8196,5041.587415350816,2022-07-13,withdrawal,1070.892710230135,30,null_like
3193,5283.4338272798095,2021-08-24,transfer,1037.1396220414242,27,
1728,5991.363775945209,2021-03-15,withdrawal,1227.5070306910477,78,null_like
6951,4612.6810814405635,2022-04-17,transfer,1027.3397042408808,66,
7819,3701.444909867986,2021-07-24,deposit,1756.008000002861,37,invalid
2120,3346.23929192028,2022-05-29,transfer,879.150774291755,23,invalid
4354,3995.891551294778,2020-09-18,withdrawal,1042.6406589828694,59,invalid
7042,1012.5287148570892,2021-08-01,deposit,501.829158913098,40,null_like
8849,2497.7728472293943,2020-01-24,deposit,1851.027577007963,37,invalid
2899,1886.7416529521925,2020-01-31,transfer,842.0206367771748,53,
6989,9985.999034865581,2021-09-09,transfer,1936.5103117877284,31,invalid
8270,2555.7443822161094,2020-01-11,withdrawal,147.6514932518644,42,
8158,6297.419775179285,2020-08-09,deposit,814.0634195722967,60,invalid
2342,8084.219905135751,2022-03-31,withdrawal,388.008966628415,74,null_like
2895,5256.208829821579,2020-10-23,withdrawal,1049.2314085371013,71,invalid
4843,,2020-02-24,transfer,1476.512073572618,41,valid
1928,3653.018751512263,2021-06-26,transfer,0.0,27,
9155,7088.321754138144,2020-07-28,deposit,1291.2240623274156,60,junk_value
5158,5384.098232980064,2021-08-27,withdrawal,1196.9437974052892,63,invalid
9472,4945.390920980136,2021-11-23,deposit,1849.7472263356728,63,
6115,3773.1946729181204,2021-10-24,withdrawal,1361.4931315596107,56,
9389,4944.970189898728,2022-05-16,transfer,1269.066482284233,59,null_like
5887,6035.318040938246,2020-03-11,withdrawal,573.0301458061537,73,invalid
6029,5557.988324447604,2021-06-27,withdrawal,374.29306375788667,76,valid
7938,2329.3112825797975,2020-04-17,transfer,100000.0,61,valid
6334,6127.81824010472,2021-05-08,transfer,1027.0384099234857,54,null_like
8026,5338.721648072156,2021-08-13,transfer,1921.3256864416712,32,null_like
8673,6855.6802561624745,2022-01-11,deposit,1038.4942098624467,77,invalid
6854,3647.2153958814606,2020-10-19,deposit,888.8976685385496,30,
4394,6418.007515177024,2020-10-16,withdrawal,81.91276778375106,41,
5530,3121.3292123624915,2021-10-14,withdrawal,1565.491736567606,74,valid
9433,5798.2722287041415,2020-02-09,withdrawal,187.48201537654586,46,valid
6713,3158.6528138412677,2021-08-12,withdrawal,803.4394054000468,24,
9096,5850.915123569929,2020-11-03,withdrawal,831.2358570750696,28,null_like
6569,6518.310320605294,2021-11-10,withdrawal,1089.2952586964016,29,
7863,1318.2515373367096,2020-03-07,withdrawal,458.094575006582,31,invalid
2060,5486.678898645384,2020-10-02,transfer,1724.51511563962,78,
8916,2440.846066528597,2020-03-08,transfer,1906.6706026227744,33,
7971,4505.645234958806,2020-11-14,deposit,1190.574023327161,74,invalid
2852,6267.553761864197,2021-07-02,transfer,802.0921899486679,46,invalid
7016,4216.483701912356,2022-09-25,transfer,417.59453033069826,36,invalid
6240,5064.008298131534,2021-12-15,transfer,962.310193788617,76,valid
8641,2793.583268556634,2022-01-23,deposit,1911.0844746978532,42,invalid
7002,6849.267365825537,2020-11-23,transfer,1965.719575563528,31,null_like
4147,4948.891858017109,2021-01-17,transfer,618.437805866171,71,valid
3143,2707.309213962624,2021-03-27,transfer,1816.427093636646,39,invalid
2810,4960.724402146638,2021-06-06,deposit,1082.159165950506,31,null_like
6423,7133.349379178308,2020-08-06,deposit,876.8451223165964,70,null_like
8489,2551.4035274212683,2022-02-26,transfer,1152.9360275480142,65,null_like
1412,4618.635198473306,2021-03-12,withdrawal,1332.7919834720967,43,null_like
8943,5981.9499032765025,2022-02-03,transfer,634.2287151901713,47,valid
6892,10120.16907653759,2020-03-29,transfer,1086.0078495079267,38,null_like
8869,6965.381967891028,2020-03-04,transfer,918.7369359350503,62,null_like
2604,6556.7221523332755,2022-04-06,deposit,1456.2416947737074,31,null_like
3878,5919.944285878233,2021-12-17,transfer,760.7100500679028,36,
7966,5872.647339348065,2020-12-17,withdrawal,663.263238674605,75,invalid
5021,4416.377462168912,2022-07-25,deposit,674.4679990425639,26,
7893,3889.600946613603,2020-09-13,deposit,1489.462003432712,23,
8239,5949.396465759905,2021-09-27,deposit,696.0257763574077,76,valid
5858,3780.975595681434,2021-10-06,transfer,1686.0584232861856,26,invalid
4376,6927.75823358982,2021-07-08,withdrawal,1166.8395299726985,45,
2205,7059.921635162322,2022-08-17,withdrawal,435.68850149365244,77,null_like
8392,2754.555956875403,2020-06-17,withdrawal,1935.8739093469621,71,null_like
6959,0.0,2022-07-06,deposit,447.371789424717,22,invalid
6977,5244.595006064567,2021-06-12,deposit,1220.8879982943656,72,null_like
2994,7416.732461186285,2022-04-03,withdrawal,1084.3456626697164,23,null_like
3717,7279.757122258091,2022-09-12,withdrawal,445.9704809414858,56,valid
3060,3896.2837082151063,2022-03-27,withdrawal,1775.1248363860832,67,
7736,3848.7243475244522,2020-03-27,transfer,1072.2972516482423,22,
4267,6225.547810125139,2021-03-08,transfer,1307.01282362924,29,valid
8777,3895.553911438057,2020-07-03,withdrawal,1388.9773863963776,23,invalid
5422,5388.768603154672,2022-09-05,withdrawal,1108.7316661620148,72,
9647,2194.789456400613,2021-06-18,transfer,872.9719009105739,49,
1569,4919.684098711313,2020-10-21,transfer,1797.4276743491037,78,null_like
4228,5133.981434449744,2022-06-11,withdrawal,1541.6366217331083,74,null_like
3082,5692.976951795986,2021-03-01,deposit,1363.5828721990142,21,null_like
7190,8123.022393453705,2021-12-14,deposit,1013.90145786997,77,
6895,5880.028900106665,2020-09-17,transfer,1743.8635178291333,66,invalid
3961,5438.300655327878,2020-08-25,withdrawal,707.0921703711326,73,valid
4330,10159.418675308636,2021-07-13,withdrawal,1545.2171706995546,29,
8891,5838.038018732091,2021-08-06,transfer,0.0,26,invalid
3786,7101.308792015224,2021-03-21,transfer,1177.9446887771596,62,
6765,8544.503193339488,2022-05-17,transfer,1415.2539788300437,36,valid
1224,3430.2033738355203,2022-03-11,deposit,1747.125623128166,65,null_like
6124,4367.183100610397,2021-08-22,deposit,1015.8907840807954,61,valid
2065,3081.1215265530404,2022-04-29,withdrawal,700.085561728551,77,null_like
6600,3871.842738526543,2020-09-22,deposit,880.4381527485207,57,null_like
6232,6093.467136402758,2022-09-22,deposit,365.59704621223887,71,valid
5268,6086.596058072776,2021-06-13,deposit,1000.7309170957415,66,valid
8989,,2020-02-25,transfer,0.0,31,invalid
6116,2837.886919183475,2020-04-30,transfer,1210.2725546140598,76,invalid
7287,7217.4071611658155,2020-08-03,withdrawal,1256.2332580951934,45,valid
3747,4630.195727114022,2020-01-26,transfer,619.1770469309822,77,valid
7331,5373.533528954156,2020-03-13,withdrawal,820.6953402712289,49,invalid
6486,4272.775575572288,2020-02-14,transfer,945.5119538523254,37,null_like
4987,2946.9694011778797,2020-09-04,withdrawal,760.2876291420343,28,valid
6811,5369.360611729817,2021-12-22,deposit,369.8428543282033,79,null_like
1699,7234.591663176256,2020-10-08,deposit,0.0,63,null_like
4719,6031.878435408199,2022-06-12,withdrawal,716.7966285187572,69,valid
8147,3344.8195587025607,2022-07-03,withdrawal,1782.1347594730153,69,invalid
4744,5449.369451503771,2022-03-21,withdrawal,1382.349167332337,34,invalid
7944,4107.132770898944,2020-09-01,deposit,2630.2455403457116,48,
3824,9123.007153272796,2022-04-02,transfer,1204.7252609628117,55,
8992,4437.79941422809,2020-11-17,deposit,741.1233274773666,71,
8901,4389.550591290665,2021-10-05,deposit,1499.4083223890755,64,
4581,2991.718466495864,2020-06-07,transfer,331.14528804110046,61,invalid
7704,5651.592633164333,2022-09-04,transfer,803.7852227710922,61,invalid
9306,4720.820743689653,2021-03-05,withdrawal,1645.188375629113,28,invalid
8112,11386.215135689723,2022-07-30,transfer,1170.8501918154686,54,invalid
2365,7378.940977849281,2021-04-07,deposit,484.13271010174446,27,valid
8343,4904.577287716041,2020-11-05,transfer,745.1349224074332,71,valid
1671,8423.416960284687,2021-11-28,transfer,1830.0212447417416,41,invalid
1995,,2020-03-01,deposit,566.7896942757228,73,
3645,7985.377137919044,2022-06-03,deposit,947.643370687331,58,valid
3871,7472.186350420874,2021-08-18,withdrawal,1121.0787453706168,39,
3472,7346.94771497065,2022-02-06,withdrawal,1221.392762660926,35,valid
2252,5973.003287652404,2021-10-11,withdrawal,1303.6536816800199,50,null_like
7996,5128.948829620241,2021-10-12,withdrawal,891.7944125037056,21,null_like
2970,0.0,2022-05-15,withdrawal,1495.3541268517579,18,null_like
5892,5873.8763394927,2021-10-30,withdrawal,1765.9499582722724,37,
4863,6681.287097977448,2020-10-25,deposit,661.847897641687,69,
7090,3053.862118236889,2021-11-20,deposit,498.4100845386,56,invalid
1537,4558.071652340672,2020-11-10,withdrawal,1129.2609573598115,67,null_like
8206,4992.794921818863,2020-11-06,deposit,592.3200548636898,58,invalid
6177,8147.9735265800655,2020-12-27,withdrawal,956.4006756184255,58,valid
5491,2353.8204131850034,2021-04-24,deposit,246.46403841080644,32,valid
6134,6119.58089586208,2020-04-20,deposit,100000.0,71,invalid
8186,3784.356025811135,2022-09-16,deposit,2248.408920178248,23,null_like
3156,1.1885702528534239,2021-05-01,deposit,1003.255218400448,35,
9308,2071.2502395803594,2020-12-29,transfer,1231.8332858404408,27,
4446,8131.048058468681,2020-09-11,transfer,599.1064236454995,60,valid
9754,602.3880867598364,2020-09-16,deposit,923.13121383639,55,invalid
7283,4758.103702784437,2022-03-13,transfer,642.7427337971307,30,invalid
5164,1396.0391248399606,2021-11-08,withdrawal,1302.942773978635,67,null_like
9924,6189.508683330572,2021-05-09,transfer,1047.578261341232,75,
1137,6899.108270882647,2021-11-01,transfer,1112.424408022819,35,invalid
4343,5791.607066874818,2021-01-12,deposit,898.3819603466136,51,null_like
5186,5250.4490052958145,2021-06-10,deposit,1417.1142032997745,45,invalid
1077,8708.185132668375,2022-04-25,deposit,668.4032758123205,53,valid
6592,4120.5378834516505,2020-05-17,deposit,931.3229130469281,30,null_like
5465,2954.414869603189,2020-12-21,deposit,1607.6607873390394,59,null_like
3838,7094.19660522431,2020-12-31,transfer,1017.0659907557889,24,null_like
9393,5597.505816731373,2022-07-31,transfer,477.71289007164216,78,invalid
2062,3321.580665321987,2022-01-19,deposit,1064.6587990750634,38,valid
1536,6838.457869150407,2022-08-06,withdrawal,1539.5566519969636,29,
9567,4993.251085178096,2022-04-09,deposit,1264.9465774418868,20,valid
9017,8061.501664687395,2021-10-18,withdrawal,1350.6625022838798,43,null_like
2734,3538.139920116162,2020-07-18,deposit,1348.811685366219,37,valid
5061,4281.415818425881,2020-08-01,withdrawal,1324.9807830769435,74,
7833,4356.729897565235,2021-02-12,transfer,372.33194215692004,46,null_like
4769,6790.386440055465,2020-11-28,deposit,1145.8807212667734,20,valid
2802,4021.1211149635556,2020-07-27,transfer,0.0,62,junk_value
1384,6015.982653825087,2021-09-05,deposit,1586.5162669128536,77,valid
1064,3048.2534940453343,2020-03-19,transfer,355.0069120873933,55,
5658,2183.0774072728805,2020-01-30,deposit,923.9000098211667,77,invalid
4072,8499.153486373878,2021-06-19,transfer,841.0152167825689,22,invalid
1666,3230.394571946198,2021-11-26,transfer,541.5910791297425,62,invalid
4584,2260.3940408418443,2021-07-11,withdrawal,391.03818661744367,52,
4391,2716.62177173299,2022-04-16,withdrawal,771.4678969778262,35,valid
9989,7182.620241188538,2021-08-19,deposit,643.0545062833667,41,
1854,4572.0223115489825,2020-06-14,withdrawal,2226.9516729717852,41,null_like
1126,5873.119608315335,2022-07-07,withdrawal,419.0337541718776,37,valid
5330,6706.831117560616,2021-05-10,withdrawal,625.726932689631,50,null_like
4490,7048.125051622925,2022-04-04,deposit,941.838480361871,62,invalid
8892,7028.740130036261,2020-03-06,transfer,546.3699766194388,39,invalid
6864,2028.8792539260562,2020-05-21,transfer,1298.6374437782915,22,
4368,3543.994117541731,2022-07-14,withdrawal,748.0402643128685,21,
1235,3897.628567342933,2022-04-07,withdrawal,929.3534683969525,19,valid
7241,6199.857459992409,2021-10-17,transfer,796.2614142925686,20,null_like
5146,5786.970770843499,2020-11-27,transfer,1198.9027258752355,34,invalid
5854,4223.646362917542,2021-10-26,transfer,1324.6143951525492,62,valid
2218,3599.7583701216536,2020-09-06,withdrawal,0.0,59,valid
9554,7297.274698857431,2022-06-26,deposit,593.9575340282177,43,
1523,9314.616426531007,2021-12-09,deposit,647.4812599301695,35,invalid
2409,6520.829312288595,2020-11-01,deposit,1916.9613260968918,63,valid
1918,4354.640322315729,2022-01-04,transfer,1635.535824837131,77,null_like
9533,10179.127284037228,2022-09-02,withdrawal,808.6406039207213,67,valid
2585,6486.5281880454295,2020-02-19,deposit,1655.1923510849856,27,invalid
4756,6588.529359243654,2022-06-15,transfer,1318.1186876894628,41,valid
8270,2778.8483090683426,2020-01-03,withdrawal,1441.9306017265371,67,null_like
1133,3329.3058934804853,2021-06-28,withdrawal,1364.9557464414372,56,invalid
5142,8455.086340201422,2020-12-16,transfer,806.1609081978842,69,null_like
7166,3530.8168464039018,2022-06-23,deposit,1216.9427400008215,26,invalid
7530,2512.2735292174298,2021-06-20,deposit,1344.1333670254235,40,null_like
1004,4359.3053836113595,2020-12-10,transfer,1457.7085106151371,55,null_like
6083,6681.240053009106,2022-09-21,transfer,1580.2467686970047,28,
6588,7019.634178685268,2021-04-26,withdrawal,2110.009367211632,69,null_like
5964,1888.2087075927452,2021-07-29,deposit,1517.9236524338094,20,valid
2528,8509.588363968729,2020-02-03,transfer,1269.4889878505494,44,invalid
8734,6212.01990269128,2020-02-01,withdrawal,1551.5653530348704,41,null_like
5199,5092.873096312298,2020-08-19,transfer,1662.9823371426169,40,
6975,5847.198131186922,2022-08-21,deposit,0.0,56,invalid
1659,5571.73078144981,2020-07-11,deposit,1310.6092734695237,52,invalid
1574,6270.343603363939,2020-11-29,deposit,787.5073133116753,33,
8270,8504.540886847246,2020-01-04,transfer,891.1132088040566,60,invalid
6759,4967.154207854496,2020-07-23,withdrawal,1364.0244312149207,71,junk_value
9691,6100.104198049104,2021-05-29,withdrawal,1222.3096862007062,42,null_like
9915,5029.376389458394,2022-03-10,transfer,867.1430811942707,57,
1784,6571.600317301664,2020-11-02,deposit,872.5790809729904,75,valid
1206,6221.171490567646,2020-04-19,withdrawal,100000.0,58,
9808,7216.365633475033,2021-03-06,deposit,1449.1409280140201,19,
3062,2296.630788767333,2020-03-18,withdrawal,1071.007706127616,35,invalid
6258,3283.284439637573,2020-03-25,transfer,0.0,33,
7102,6285.445519735088,2020-10-13,deposit,893.5958692591977,54,valid
3027,5986.635801761779,2020-03-23,deposit,1387.6396981477114,62,
1768,4954.2638754022355,2022-09-18,deposit,857.1802162507058,75,null_like
9195,3298.9590915813997,2022-02-28,withdrawal,1073.3206421487312,44,
3371,1874.9082862269147,2022-06-13,deposit,710.3999211393382,35,null_like
8390,5153.643782120511,2021-02-02,transfer,369.17544708036735,69,invalid
3368,6281.68572253402,2020-11-19,deposit,469.1094730199736,36,null_like
4141,5639.563868285074,2021-06-03,transfer,581.9110592563516,76,valid
4876,2855.7219760287862,2022-07-05,withdrawal,1019.7952648889745,72,invalid
6109,6238.308522010396,2022-07-11,withdrawal,814.5209902142224,19,invalid
8270,7543.110189988318,2020-01-06,transfer,1307.5150968861597,58,invalid
6126,3486.4098228610783,2022-01-01,deposit,1287.6694320577922,30,valid
8186,6402.3454846217965,2021-04-10,deposit,445.50165339453815,71,invalid
9996,3875.066448211465,2020-04-07,deposit,966.0611139635116,33,invalid
8996,2439.391202658211,2020-09-23,transfer,1934.8076652522584,25,invalid
2693,1662.8318522448212,2020-12-23,transfer,994.7575115719977,39,
2202,8322.51842909574,2022-05-18,withdrawal,467.232655051528,50,
7469,4731.965666654165,2022-03-09,withdrawal,849.1093064751238,43,
8004,3899.3896923091597,2021-01-15,deposit,805.232504359833,21,valid
6565,3203.0640364179253,2021-09-23,deposit,1682.9088762810243,60,invalid
9130,3656.7532641238968,2021-01-16,withdrawal,1525.989977104666,60,null_like
7541,7045.14086401928,2021-05-05,withdrawal,740.303506792812,35,null_like
8408,5543.157674390747,2020-04-28,transfer,909.6197551022199,40,valid
7898,5932.859964867052,2022-06-19,withdrawal,547.5540369760668,48,null_like
5496,7390.093257849685,2020-09-07,deposit,1232.792008270516,44,valid
7588,6104.979908834295,2021-06-07,transfer,946.7905599985057,56,invalid
8270,5978.749122455836,2020-01-10,transfer,1120.9681847367858,43,valid
2986,4646.105545011901,2020-07-15,deposit,1361.1939641640834,29,null_like
8449,5786.6356787887435,2021-08-26,withdrawal,1019.1502937612122,33,valid
6463,10264.764129674782,2020-03-22,transfer,125.38997849489499,49,null_like
2063,5762.316769765555,2022-02-22,withdrawal,766.2003297525021,68,
8714,5152.010782824823,2021-08-10,withdrawal,823.9721961440317,70,valid
7316,3780.4341913612357,2022-03-08,withdrawal,1417.739610911446,38,invalid
5433,8154.906559526949,2020-08-27,deposit,805.5855733457131,65,valid
9319,4820.528611425547,2020-10-17,transfer,1797.367003658458,33,invalid
7616,8693.414651472067,2020-07-30,deposit,1269.8901294959785,30,invalid
5143,3644.5692604957876,2021-12-18,withdrawal,784.7067199088606,45,invalid
9311,6294.3918794054825,2020-12-25,deposit,463.23235746234707,35,invalid
6073,2713.990174539033,2021-03-25,transfer,284.38862201656275,25,valid
7295,4213.3223753452785,2020-08-15,transfer,1446.294758557176,43,
8973,8746.59555243509,2022-08-08,transfer,353.0902990977893,27,invalid
8970,5226.540821075529,2022-08-04,transfer,1156.8829616541939,73,invalid
1846,7393.262973291303,2022-03-07,deposit,1066.459320875137,48,invalid
1953,4438.649846266452,2021-05-16,transfer,732.8434988619128,21,invalid
1698,6194.800139699716,2021-04-09,transfer,1017.5633349638684,29,invalid
9932,2548.4686739953177,2020-12-28,transfer,1331.8280139688372,27,
9082,4699.888825934947,2021-04-13,deposit,667.0732958830379,56,
2854,4495.292995747424,2022-07-24,transfer,1921.4515241523252,63,valid
1417,9176.749409561455,2021-03-04,deposit,926.9816971291009,39,
8270,2741.8964575655414,2020-01-08,deposit,2000.1837557540407,51,
2853,4436.430782278985,2020-06-04,deposit,866.3719427884866,72,invalid
1823,7495.484145347467,2021-06-25,transfer,568.0677170634788,76,invalid
8164,5300.837810287153,2021-03-16,deposit,905.3024296263931,18,null_like
8651,3623.699309644552,2021-04-27,deposit,849.481944939548,56,invalid
6726,5157.2703806321815,2021-02-26,deposit,1815.3338886187823,65,valid
7986,5481.506358977136,2022-02-17,transfer,770.1615657553532,35,null_like
2625,3663.711828922012,2022-08-07,deposit,710.5494838317836,54,null_like
2148,7099.10543063867,2020-11-30,withdrawal,1546.2492690426766,63,invalid
5835,5661.760464428914,2021-07-30,deposit,979.6220750766894,62,null_like
4072,5646.158546232058,2022-07-23,deposit,1250.8594965138495,65,invalid
8575,4592.8392797952765,2021-07-21,withdrawal,1424.8175008799337,25,null_like
1009,3528.940114820467,2021-08-17,transfer,847.7951268310941,58,valid
5748,5097.720140651409,2021-06-14,deposit,493.4852451949251,26,valid
6320,2580.717962617589,2021-08-04,transfer,747.7517578641834,20,
7376,4024.177183708595,2021-12-08,deposit,848.1201092401127,36,valid
2571,6277.460444058369,2021-03-24,deposit,1033.9954537905833,61,invalid
8357,3491.448299961284,2021-03-29,transfer,1137.6106443789151,54,
7197,5057.489645869635,2020-08-16,deposit,86.26282297350485,65,invalid
8079,5076.0069563364,2020-12-18,deposit,1522.0955443954326,55,
1364,7371.408309325994,2021-12-29,transfer,902.160720561524,57,null_like
6534,6167.856370651928,2020-07-31,withdrawal,521.1458755551309,77,valid
9006,7107.2835932156795,2020-03-20,transfer,100.26803426230538,20,null_like
1663,9597.7962472385,2020-05-28,withdrawal,1350.4628577185515,19,
4009,4095.3873615018465,2020-10-29,transfer,1786.1210832598265,49,invalid
5780,4650.080486609183,2021-09-20,transfer,2264.782252731411,35,valid
7767,8404.429889270476,2022-02-16,deposit,1795.2516722824193,61,invalid
2191,5359.788302306957,2021-05-21,transfer,3.390588294692634,51,null_like
6691,3697.163992771103,2020-12-08,transfer,1317.6906794111346,42,invalid
2062,4350.337232982755,2021-04-30,transfer,1562.312749557931,71,null_like
8240,5598.585160812984,2021-12-12,withdrawal,772.7695293575098,45,
3693,4042.5027566730455,2020-05-13,deposit,751.8476345223581,79,null_like
5777,7079.809374792153,2021-12-04,transfer,757.9714903361008,39,invalid
6596,2683.2706216149145,2020-11-07,transfer,550.4444507863864,40,valid
1302,2305.747420940607,2021-12-23,transfer,1424.5054566382767,66,valid
1716,3488.5096810143104,2021-09-21,deposit,1312.2097061282761,79,valid
8270,2184.9766105643575,2020-01-01,transfer,577.6417691219523,74,null_like
2841,5416.765615895105,2020-11-12,deposit,1749.0472812855614,60,null_like
7981,6355.851742678538,2021-12-07,transfer,1694.9820343021013,71,valid
7316,5619.641420454055,2021-07-01,transfer,77.21018233791926,24,valid
6742,3003.229121623417,2022-05-22,withdrawal,1135.4212886764974,57,valid
4709,3596.016624386489,2021-06-16,transfer,1123.9164884370118,62,invalid
5980,693.2197727925704,2021-04-22,transfer,1479.144214852501,79,invalid
6878,8001.519581268622,2021-02-08,deposit,625.6598992474302,74,null_like
2707,5578.337287815636,2020-06-21,transfer,941.6850337998028,37,
7892,5059.51227899149,2020-05-05,transfer,1507.4594912275788,70,null_like
5452,4064.5975973762174,2021-01-29,withdrawal,425.4225578801012,41,invalid
5380,6465.280154431159,2021-02-24,deposit,959.1644845740082,63,null_like
7190,5087.622943958219,2021-07-06,withdrawal,944.1988345785494,36,invalid
6779,7329.478708914343,2022-06-22,deposit,987.0894074758207,57,
7184,7298.546652571351,2020-03-31,deposit,1356.530590463302,68,valid
6031,4844.325605974396,2022-07-28,deposit,869.2671813403986,28,invalid
3327,3858.5074125010474,2020-06-30,deposit,0.0,19,valid
4444,4908.827967289004,2020-10-01,transfer,306.92102794738094,56,
3891,3941.8946453074104,2022-06-14,transfer,887.5133503558425,77,
1878,5052.182100421667,2020-03-10,deposit,1698.424100906664,53,null_like
2816,7880.234430898945,2020-10-18,withdrawal,680.5692360278135,74,invalid
4157,4381.6557530627215,2020-05-11,deposit,1050.9303531899266,63,
5014,4107.633133570441,2020-10-27,deposit,0.0,21,valid
9945,6832.655349404963,2021-02-28,deposit,1659.9303353327402,58,
5495,7798.710873172004,2020-11-22,withdrawal,978.8993028439784,31,invalid
6575,5164.567978550848,2020-05-24,deposit,1618.7860237420587,23,null_like
4373,1003.5986309357845,2021-02-27,deposit,2209.8958665052314,56,
8312,7455.337984946585,2021-08-03,deposit,427.17071441732253,30,invalid
6450,3210.785395560992,2020-05-15,deposit,782.6774551049027,49,null_like
6104,8266.863064602192,2021-03-26,deposit,780.2607299080945,41,
5737,6968.644796953167,2020-06-13,transfer,1195.2969530996183,71,
4005,3591.3126189144814,2020-01-29,withdrawal,1439.5881507172132,68,null_like
2460,6172.728037510186,2022-02-12,deposit,1238.6753198682368,56,invalid
3811,5668.91357997405,2020-07-12,transfer,918.5602112702795,22,null_like
6188,7297.531400744207,2021-01-23,withdrawal,1669.1818657231927,67,
8804,8769.172611869219,2022-05-02,deposit,1151.1556525738213,51,
7528,5764.819492368101,2020-06-18,withdrawal,1244.6279584997224,43,valid
7677,8652.019427093872,2021-12-06,withdrawal,1289.5038500746318,73,valid
7776,7063.68907893727,2020-05-20,deposit,284.241001138343,52,null_like
6791,9910.600279821789,2020-06-22,deposit,638.4561351820688,63,
8270,6443.34412808647,2020-01-07,withdrawal,0.0,33,
4086,6015.671512579247,2022-01-15,withdrawal,1205.4246022163413,61,valid
8266,3722.0765046209954,2021-04-23,withdrawal,1694.9776834439117,70,valid
9571,3489.234135293355,2020-03-14,transfer,587.9705792304942,50,null_like
1984,5857.633000661146,2022-06-29,transfer,939.8647048987323,33,valid
7038,1478.3823760384485,2022-03-24,transfer,1545.374675995213,19,valid
5973,5498.76736742151,2020-08-26,deposit,1426.6932216645412,36,null_like
6530,7130.960750130702,2020-05-25,deposit,419.56477013924314,42,null_like
1117,8339.809008702812,2022-03-03,deposit,407.8475244904399,26,invalid
6592,6290.96836228215,2020-08-22,transfer,803.1952813257031,45,invalid
4108,7764.317982075054,2020-08-08,deposit,296.4380024701859,39,
5146,9114.990939423398,2022-07-12,withdrawal,891.7859858620554,46,invalid
8241,3492.070822266647,2021-05-15,withdrawal,1046.5399362697233,28,null_like
6915,5444.267543267426,2020-05-12,deposit,668.6075992541323,71,
3065,7593.989093122218,2022-09-17,withdrawal,930.9740750138113,20,valid
2733,7476.566142867272,2022-02-13,withdrawal,1146.4941041674897,40,
1197,6265.863635511021,2020-07-04,transfer,2261.8998953085156,25,null_like
3612,7206.603764033043,2020-02-11,deposit,841.720823868744,29,valid
5188,4654.107880153154,2021-11-27,deposit,1691.3209678320964,61,null_like
5488,5760.395702011927,2020-04-18,withdrawal,100000.0,34,null_like
4324,6077.511984892739,2021-08-11,withdrawal,2052.917412674244,74,valid
7873,,2020-02-26,withdrawal,2211.2027693949703,51,valid
7303,6700.443484226986,2021-02-09,deposit,149.89512874117156,35,valid
6988,9806.831170476551,2021-03-18,withdrawal,719.1964824809181,43,
4596,6631.474425078593,2022-01-27,deposit,871.7245097235631,40,valid
5926,4266.351176370625,2022-09-24,withdrawal,1382.9047456631088,22,invalid
3047,6848.054038413802,2020-01-25,transfer,87.77955666176877,56,null_like
8400,7751.413626623239,2021-04-12,deposit,236.21475309533696,44,valid
2531,6789.848753888882,2021-06-23,withdrawal,1703.7632287691858,70,invalid
5849,5081.183382407765,2021-06-15,transfer,1746.0089346805278,75,valid
2460,4987.858176920214,2021-09-10,transfer,0.0,58,
4266,4113.43549761698,2021-11-25,transfer,695.5580310948305,71,valid
4797,4634.20711779032,2022-07-15,withdrawal,496.19965266998446,59,
5777,9150.521745250531,2020-12-04,transfer,546.715059111433,62,null_like
8555,,2020-02-21,transfer,975.5952059473157,31,invalid
7313,7784.0045726891985,2021-05-22,transfer,0.0,46,
8494,5210.75101229192,2021-05-31,withdrawal,1085.7309206132986,74,invalid
9795,274.1351289163231,2022-07-09,withdrawal,650.004103214085,35,valid
9434,1478.4744816883644,2022-02-20,deposit,1378.6334667677024,64,
8022,5487.601427542398,2020-09-21,withdrawal,1679.7057099806998,52,invalid
6287,10116.398571336504,2022-03-28,transfer,1034.8511573659111,58,null_like
3593,6484.190744018614,2021-12-11,transfer,1425.1026835656176,72,
4818,3907.5111034950346,2021-11-13,withdrawal,783.9381453379731,67,valid
3635,6392.774894913431,2022-04-12,transfer,119.3166112633478,52,valid
2324,3797.2647120975726,2021-06-02,transfer,1097.101431078123,72,valid
5079,7374.06061112076,2021-03-23,transfer,1710.2606716443242,23,invalid
5555,2837.8733448002054,2020-01-19,transfer,1220.7107497454626,27,valid
7493,3493.164259307633,2021-12-16,deposit,1350.6461633761164,50,null_like
4636,9504.871610688617,2021-04-28,withdrawal,0.0,70,valid
1667,3836.638172102713,2021-07-22,transfer,465.3891673551203,72,invalid
1825,2893.1688736526876,2021-03-09,transfer,1264.1964059338602,47,
8560,4082.23147426212,2021-01-02,withdrawal,0.0,78,invalid
3695,5369.672247389748,2020-03-24,deposit,302.33313687360203,76,null_like
8629,5945.194964826086,2020-03-02,withdrawal,1322.8077370848684,23,null_like
1770,7780.415098034627,2021-09-30,transfer,681.8552271609594,45,valid
3205,1948.9496581505223,2020-09-29,deposit,1280.7010249238715,24,valid
3975,5895.41712003463,2020-10-12,transfer,0.0,70,invalid
1830,4033.627075401252,2020-12-26,withdrawal,330.9204656884385,66,valid
7799,6227.035945460833,2020-12-20,deposit,819.1200558398415,42,
6644,5642.714430900546,2021-04-01,transfer,2224.72989947905,79,null_like
1301,2496.9211516191117,2020-10-05,withdrawal,1318.9483690834143,29,invalid
7949,4519.34920368373,2020-01-13,transfer,1622.3440231825484,29,valid
9004,3335.2888537915424,2020-07-01,deposit,1974.335478860743,46,valid
2931,7157.361666862591,2021-01-03,transfer,624.5973474561297,67,null_like
3336,5734.731013632356,2022-05-31,transfer,316.63413325854685,75,null_like
9175,694.2188140950338,2021-09-07,transfer,901.8362219873138,63,invalid
4170,5293.427372866646,2020-08-11,deposit,1817.097633288588,25,
3745,5068.1669365184525,2021-07-26,deposit,460.08042310574046,21,
5944,2875.2129437062404,2022-08-28,deposit,1769.8703813379393,22,
7881,4711.824888556769,2021-10-15,withdrawal,1375.1390720997572,51,valid
3105,9290.298255546777,2021-06-29,deposit,1157.6709294503269,75,
7132,8345.144773675407,2021-08-05,withdrawal,1314.957431023147,65,null_like
5976,4981.762006711593,2021-09-25,deposit,1065.2270560443385,45,
4510,3753.718947150471,2020-06-25,withdrawal,1057.3107545999949,75,
4177,5340.832444750976,2021-10-27,withdrawal,1378.6967344886946,30,invalid
6449,6868.639822478547,2021-11-04,transfer,1231.3330684099437,19,null_like
1924,4888.461844684588,2021-08-08,deposit,480.4632168041094,31,null_like
6788,5603.583799638932,2022-05-23,transfer,1150.9591315246382,72,invalid
8421,7321.653574757039,2021-01-28,transfer,449.42985601121393,78,invalid
1698,3003.291918522418,2020-06-12,transfer,1018.437402093173,64,null_like
7015,5265.939348293752,2020-09-05,transfer,1001.3426703773894,43,
4419,7171.791131663156,2021-09-26,deposit,340.3390431101185,35,valid
5612,4457.752797914863,2022-06-04,transfer,0.0,65,invalid
8043,7381.292549572683,2021-10-31,transfer,903.850482985459,71,valid
4672,7760.182708294903,2021-01-10,deposit,935.0451085096569,70,valid
3738,7060.566908063684,2021-02-16,deposit,1199.4916643952918,76,
9684,3776.9643940161036,2020-03-15,withdrawal,1352.6826051142255,62,invalid
8035,5918.360158456873,2020-04-23,deposit,2461.677808659544,51,null_like
8418,2815.374470654842,2021-08-21,withdrawal,1462.6990453983622,54,
6299,4192.703073516007,2022-08-19,withdrawal,2040.6348143833616,56,valid
7617,4275.118117193736,2021-01-25,transfer,1334.3249300802959,78,null_like
8385,4851.133141799907,2020-04-14,deposit,100000.0,63,
2484,4859.668577082706,2020-04-24,deposit,1153.2049274926064,22,valid
4913,4925.555526980317,2021-02-21,transfer,1120.2124384193928,34,valid
6301,7728.280859947688,2021-06-09,deposit,1318.2047732103572,49,null_like
3914,5843.841508470569,2021-04-02,deposit,411.84837153836565,54,invalid
3427,9153.495967121682,2021-02-13,transfer,1176.5636189989384,33,invalid
7278,4930.0230190060765,2020-04-02,transfer,397.11893577223066,56,valid
4417,4034.512955635935,2022-07-19,transfer,1181.5911491456352,48,valid
4561,4807.8802005507005,2020-03-30,transfer,470.34368944112884,57,null_like
7457,7634.788131268651,2020-12-02,withdrawal,1513.8472967507391,69,
8311,756.2902019828107,2022-09-15,deposit,1141.7950057614164,72,invalid
7024,2980.538590580125,2022-07-10,withdrawal,466.27782722672407,64,
3872,8249.356916939121,2022-07-22,deposit,1883.9145292025894,20,invalid
4925,4381.767071594997,2021-08-28,deposit,959.2806095286103,25,
2838,3192.1847170704204,2021-08-16,transfer,1165.4054626298785,51,valid
8266,2337.534092884444,2021-09-03,withdrawal,1114.8555084011482,42,
4104,3746.0658844244654,2020-04-04,withdrawal,862.7799864454902,31,null_like
1769,6425.996860344776,2020-01-12,transfer,788.7294447974812,19,null_like
7665,4906.158842241632,2021-01-31,transfer,755.8100893684993,53,valid
7619,3674.1981648981036,2021-06-17,withdrawal,1096.6865869127282,39,
7235,5300.603522923755,2020-02-13,deposit,534.3662101418677,45,null_like
8041,5228.455297324079,2020-02-12,transfer,297.12263467352204,54,valid
6919,3706.126444588852,2020-11-25,transfer,1362.2052357167647,47,invalid
6855,6349.638984333207,2020-06-16,transfer,1682.3994048711675,46,invalid
7801,5562.382847938752,2021-05-12,transfer,1299.6159735564831,76,valid
1922,4799.691847040094,2022-05-26,withdrawal,1744.1176584347381,42,invalid
8409,6218.276241814354,2021-08-20,deposit,1845.0888166729787,66,invalid
7288,5614.813395618202,2022-01-26,deposit,1021.5415040121927,23,invalid
6056,6243.619924434393,2020-04-10,deposit,100000.0,40,null_like
9967,6996.020219719305,2021-03-02,deposit,1079.9824278869078,47,valid
5218,3725.2257453869647,2020-06-27,withdrawal,1687.2667273456523,64,invalid
3967,5402.198093429935,2021-03-20,deposit,1490.0467675350524,43,null_like
6536,4856.797481171872,2021-02-20,transfer,479.85413588619474,54,valid
6567,3795.575879276439,2022-05-20,deposit,638.8186302555002,33,
6373,6827.169252466499,2022-06-01,transfer,518.2612311324033,23,invalid
5300,3846.979198546561,2021-11-11,withdrawal,282.76732907515657,64,valid
1202,3889.0457616794906,2020-06-26,withdrawal,562.0502111419456,70,
6881,5693.007763461432,2021-01-30,withdrawal,195.09427315165658,36,null_like
8790,6386.211214526288,2022-06-30,withdrawal,1008.0646476225105,32,invalid
3551,5789.343059645962,2022-03-04,withdrawal,1098.663175307439,70,valid
2990,4330.449335786918,2022-08-18,withdrawal,1233.913362617979,40,
7254,2042.1768624517426,2021-11-15,transfer,876.6246689505622,74,null_like
5249,7345.458038518729,2021-01-18,transfer,1124.46454765833,43,invalid
4600,5969.46563458895,2022-08-14,transfer,1140.1959855566572,19,valid
2296,1067.2868212479966,2022-01-21,withdrawal,677.9769921436043,57,invalid
2693,8762.31413888118,2020-09-14,transfer,496.7433536452098,63,invalid
2214,3563.185468861605,2021-06-22,transfer,1812.7159295793901,59,null_like
7293,3929.5295768788637,2020-12-01,withdrawal,1357.9762088419507,47,valid
6051,5888.526622972079,2020-01-16,deposit,863.1519518838079,29,null_like
7655,3857.6420204344067,2020-11-20,withdrawal,2118.14981042412,50,
7168,6720.9469767194905,2022-01-28,withdrawal,1948.206202886391,68,
8400,4665.763839366291,2020-08-10,deposit,1797.8049115054741,36,invalid
9958,7378.033062215103,2020-06-28,deposit,1477.6377381187244,18,
9914,7635.19507121592,2022-09-10,transfer,0.0,30,null_like
3558,5652.266044484236,2020-01-23,deposit,1245.8981657940399,65,null_like
1635,4485.246925153309,2020-12-22,deposit,837.0443436499029,24,invalid
8730,5321.147962099729,2021-10-28,withdrawal,676.1839432057297,22,invalid
5033,1810.5938654664092,2022-05-11,withdrawal,1181.1592293677795,33,valid
3491,8471.927606330499,2020-12-06,transfer,868.7218832162871,63,valid
4974,2920.188145748938,2021-03-07,transfer,356.8329266585258,61,
6348,4740.358600533148,2021-07-05,withdrawal,363.85263268800736,20,null_like
9162,6910.610417141022,2022-04-13,withdrawal,1149.9537191836316,50,invalid
2959,5447.575903277797,2020-07-22,deposit,993.1419503168659,68,junk_value
8939,6073.019687140807,2021-09-22,deposit,1335.050020062576,30,invalid
9392,8541.60127127102,2020-04-03,withdrawal,909.496930670193,48,valid
9053,4823.435903297491,2021-07-12,deposit,775.6417156674506,23,valid
9529,3750.3628446086423,2020-03-09,deposit,1295.5543067692715,78,null_like
5809,6838.152965975537,2021-09-14,transfer,1619.118970323216,60,valid
1980,6139.534560464408,2020-10-11,transfer,745.0707311178584,68,
8546,2951.62635134159,2022-04-24,transfer,0.0,18,
8668,3752.4620786083897,2021-03-10,transfer,1174.9450600573687,53,invalid
4763,3954.2799456934636,2020-06-02,transfer,1667.827948572281,42,invalid
8208,2186.6778063035554,2020-03-16,deposit,624.4369715367773,53,
5621,6992.095371611633,2021-12-31,withdrawal,802.5189017517148,55,invalid
2122,7211.051865915968,2021-03-22,transfer,822.2546943970274,23,null_like
7287,8095.010402660124,2020-07-07,deposit,277.7413314988635,68,valid
8339,2859.830467347695,2020-09-28,deposit,1284.7071334505176,73,null_like
3200,4384.443530093999,2020-08-24,transfer,1298.8263231766248,37,invalid
8860,9581.885145181484,2021-05-02,deposit,1357.6819734003168,20,null_like
3790,5415.375374326222,2020-04-27,deposit,1674.8697647753124,69,invalid
4507,3496.4178998096313,2022-08-01,withdrawal,131.59179572798723,59,invalid
6541,3035.025212923381,2021-05-27,transfer,1107.2837016867572,23,null_like
8984,6185.053898402366,2022-04-05,withdrawal,853.8401753308565,28,valid
1255,2172.5710061900395,2021-08-14,withdrawal,1293.4761455916873,24,valid
2678,6876.567611951996,2020-05-06,transfer,1003.2397421103583,48,null_like
1863,5859.236438265172,2020-04-26,withdrawal,0.0,44,null_like
3782,2119.8982348114114,2021-04-18,transfer,1204.3326416860841,72,invalid
2887,3133.464081853608,2021-11-24,deposit,1539.0016863537385,31,
6675,,2020-02-27,withdrawal,1428.887303497581,75,null_like
4687,3934.5983206761775,2022-05-13,transfer,1101.4960564680387,68,null_like
1827,5352.8831105544505,2022-07-01,transfer,1028.8871820067563,52,
2664,4922.983060998586,2021-01-04,deposit,953.193795358276,55,valid
5642,6300.402355917322,2020-09-25,deposit,1428.736749000618,69,invalid
1775,5615.603537784118,2020-02-16,transfer,673.5210043710945,56,invalid
8027,9284.540717223728,2020-12-15,deposit,1168.3745244403942,71,
7546,9020.409077532699,2020-07-14,transfer,1033.4909039093664,61,null_like
4335,3155.179631002995,2022-09-26,transfer,1304.5493032213571,39,null_like
3560,5176.813772583695,2022-04-14,transfer,647.1971097639155,41,valid
7506,7656.388283698116,2022-01-06,withdrawal,478.33257847483185,39,
5893,6416.712894598707,2020-09-20,withdrawal,1273.2318820738312,18,valid
3504,4884.762405932829,2021-03-19,transfer,218.15515732728738,40,valid
4579,4550.469196214633,2021-11-06,transfer,678.2346511478045,72,valid
1154,1832.1943530285535,2020-10-31,withdrawal,1559.4408101491995,24,valid
4124,5395.821566925296,2020-12-07,deposit,1182.0335142842073,73,invalid
5757,5048.438913345516,2022-08-24,withdrawal,2132.856345247846,46,valid
2998,4274.322879120682,2020-05-29,withdrawal,1427.5766827410114,62,
7374,5056.636752260923,2020-05-04,withdrawal,255.42494161920206,50,valid
1005,4723.088032032452,2022-02-25,deposit,1322.2531376369045,67,
4943,,2020-02-20,withdrawal,697.7541956099758,63,
8987,5240.062653436523,2020-12-19,transfer,2560.948448713022,40,
2792,7749.75283829637,2022-07-16,deposit,513.5395570043765,62,null_like
8526,5534.100531738518,2020-05-22,deposit,663.1884294832987,26,valid
5360,4653.85635143226,2021-04-15,deposit,1673.0314883652256,71,invalid
7905,2434.0155516228606,2021-02-03,deposit,1994.904552121762,76,
7600,5643.395612392027,2021-09-17,deposit,1417.7170441079325,22,valid
3950,2996.759980210169,2020-11-16,transfer,1744.8748036602906,42,invalid
4385,6231.871213888528,2020-01-20,transfer,567.5246741845867,49,null_like
3026,4200.7276287707955,2022-03-20,withdrawal,1204.1358204510152,45,null_like
6966,3838.9531003905545,2022-03-01,withdrawal,1070.4214832787077,23,valid
7988,8453.92770246681,2022-03-19,deposit,912.1090391167318,70,
2687,4301.4845913631425,2021-02-11,deposit,1752.7078002542312,77,invalid
1504,3614.1896044081855,2021-06-21,deposit,489.27968867070405,22,invalid
8140,5163.65871709513,2021-09-12,withdrawal,653.5079013342504,74,null_like
9792,3910.1618263821006,2020-02-08,deposit,1373.050493434662,19,invalid
5931,3938.0060899963646,2020-06-24,transfer,1935.3316880962343,18,valid
5493,5388.179985796615,2020-09-02,deposit,973.5519972919978,72,null_like
2908,3363.602233155386,2022-04-08,transfer,967.9694807330554,57,valid
3180,5006.0920403068285,2021-10-29,withdrawal,438.2354395430026,42,invalid
1125,4557.492752828456,2022-01-24,transfer,198.66192757070291,58,invalid
3712,5646.335428369563,2022-05-08,transfer,216.1461030871145,40,valid
6232,4159.626365808285,2020-06-03,withdrawal,986.3550301801496,25,invalid
2184,7658.305060264863,2020-10-14,withdrawal,981.3130701006935,63,null_like
9415,9638.659079963389,2021-08-25,transfer,1548.8124824305823,60,valid
5468,2970.4865386142665,2021-07-23,transfer,1182.159760313975,75,invalid
7882,5537.184557726514,2022-01-13,transfer,1145.57215411802,63,
2184,7318.659606728496,2020-01-18,withdrawal,1328.7622067425552,26,invalid
4242,3967.9105435652523,2020-05-07,withdrawal,1676.4205873466362,52,valid
5780,8595.373053699044,2020-11-18,transfer,691.0537656338098,46,null_like
2045,4868.499477854024,2020-09-12,withdrawal,0.0,36,null_like
7941,7437.523703394633,2021-10-19,withdrawal,436.45127407652046,25,
7320,9125.049838486291,2022-08-22,transfer,1620.4397860234512,38,
5282,3774.4226190312274,2020-07-09,deposit,1071.027905797,20,invalid
8858,1678.0781329680171,2020-04-25,withdrawal,1921.2395222836058,62,null_like
3000,5777.157209061928,2021-09-08,withdrawal,1690.8919487259695,65,
7970,5267.0818095645645,2021-08-29,transfer,1047.6506769369685,73,valid
5389,7841.00849597971,2020-06-29,withdrawal,1503.8267463001982,34,valid
2686,1220.9185381089378,2020-10-28,withdrawal,1275.4933287856566,28,
8561,3833.8451228621234,2022-01-29,transfer,1109.8921617122305,40,
7937,7603.482578797596,2021-12-13,deposit,1164.3801501714227,45,invalid
1638,3056.771922978697,2021-12-24,deposit,947.3815159593662,54,invalid
1760,5366.719839558311,2021-11-16,withdrawal,765.7155386009001,72,null_like
2759,4293.667414378623,2022-09-06,deposit,578.049606543949,34,invalid
5312,2331.949010163591,2021-06-01,transfer,849.8091297401145,38,valid
3079,2986.9148694407177,2022-09-11,withdrawal,1276.2836953285055,75,invalid
8099,4886.108752557865,2020-02-15,deposit,1516.9816282495112,78,invalid
8783,5123.359699695943,2022-06-28,withdrawal,1706.2237007957108,34,
2291,3162.696107031604,2020-06-06,deposit,1019.3635101848058,37,null_like
7943,7177.4972394083725,2022-05-01,transfer,0.0,60,invalid
6172,5984.902528016299,2020-06-20,transfer,466.63944558689207,52,invalid
7420,4278.06766836184,2020-01-17,withdrawal,1243.582220110096,43,null_like
7172,6881.542375976432,2021-05-26,deposit,1067.2364210314565,61,null_like
4152,2303.629155788574,2020-02-18,transfer,1031.5896137782581,38,valid
4432,5856.614194415297,2022-08-29,withdrawal,1552.9524929586364,72,invalid
3708,4639.040172818749,2022-07-29,withdrawal,1842.8327124460088,52,null_like
9702,3063.3110902727294,2021-05-30,transfer,1520.4546751530565,72,valid
9070,4105.356208682498,2022-08-10,deposit,631.5991473393108,73,
8192,8284.030320272737,2021-04-25,transfer,743.7964564201516,19,null_like
1190,5913.506438307568,2020-10-10,withdrawal,1108.9159397561075,60,valid
4644,9026.774495053247,2021-12-19,transfer,1398.8014249998769,76,
1419,4592.6524996460685,2022-05-27,deposit,265.8317192329524,78,valid
2154,3366.128658025528,2020-08-13,transfer,434.2931943681956,25,null_like
1189,3954.553958961921,2020-01-27,transfer,909.1123620585333,19,valid
9609,5135.711021054806,2022-08-12,transfer,1152.5310694825835,69,
8543,5434.865746359445,2021-03-13,deposit,1348.6565194561992,70,valid
9577,7160.096131429297,2022-08-09,deposit,382.93943249546476,77,
6949,5448.903637119944,2020-12-30,transfer,1180.339587846498,74,null_like
2648,7556.903725214597,2020-08-17,transfer,972.595682541261,68,null_like
6393,4806.573776259215,2020-02-07,deposit,603.6528589069609,31,null_like
5380,2864.9341714914544,2022-08-23,deposit,648.6261116503067,40,
1559,7953.080699451792,2021-01-09,withdrawal,773.7191653993186,61,invalid
5171,5251.152906943084,2021-04-14,deposit,915.4244121283398,26,valid
3713,7824.441110830859,2022-08-25,deposit,1058.1817256829802,31,
3136,4255.586447857894,2022-04-30,transfer,416.881053070347,79,invalid
4900,3788.768920526272,2021-12-05,deposit,0.0,40,invalid
7941,4756.5049832334325,2022-04-21,transfer,1140.6107757382297,62,invalid
8098,6317.088545345661,2020-07-13,withdrawal,1350.6620685243718,44,valid
6984,4022.301156427452,2022-05-04,deposit,801.6275105028133,33,
5018,2660.166328579424,2022-05-14,deposit,1076.5612812955383,26,invalid
8056,4803.3207464105,2021-05-18,withdrawal,966.5587307714311,35,
1966,5904.743592499468,2022-08-27,transfer,0.0,68,
4530,4659.6307549501435,2022-04-10,deposit,1103.9804653401932,72,null_like
8102,5748.113139695144,2021-08-02,transfer,1491.5588164882738,33,
6588,4840.71721750857,2022-08-26,transfer,157.64965300708718,43,
4696,8101.000985628154,2020-06-11,transfer,601.4286377967164,56,
3443,2968.356362043206,2022-06-27,withdrawal,514.623856218449,21,
4304,8159.144291461425,2020-06-01,deposit,1236.68625201298,44,invalid
5208,6296.560867687718,2022-03-12,transfer,1218.167594207754,62,invalid
7645,3990.450157543565,2022-09-20,transfer,972.2763189431037,35,null_like
5632,4446.373400222159,2022-01-25,withdrawal,392.20100202287585,18,
6977,7161.5614511092435,2020-04-21,transfer,1623.9479790539604,64,null_like
5499,5737.346617745802,2020-08-14,transfer,864.6897102360316,59,valid
7238,5239.160736828307,2021-11-19,deposit,383.5318230045849,52,null_like
2028,4504.9627288969905,2020-04-13,transfer,100000.0,24,valid
5107,4838.566839782836,2021-02-25,withdrawal,1271.6897844723785,43,valid
8723,5103.891771614599,2021-02-23,deposit,0.0,65,valid
2976,2910.381611957933,2022-01-20,deposit,1207.5325474679921,43,valid
2581,6116.653825043445,2021-08-09,withdrawal,1008.2746994545566,30,invalid
4735,6131.019291263088,2022-02-19,deposit,651.0631156920564,68,
4472,0.0,2021-11-03,deposit,373.1499350508898,35,valid
9755,2446.502848359381,2020-04-29,transfer,25.826370286364295,57,valid
2021,,2020-02-23,transfer,910.244768629244,35,invalid
2495,7906.768954235402,2020-05-31,transfer,819.8126767098001,77,invalid
9527,4143.7696780681745,2021-02-07,withdrawal,1128.1288960214672,31,null_like
5212,7296.891418393509,2022-08-03,transfer,955.4384352333832,53,null_like
5736,3938.2624541593586,2020-07-26,withdrawal,1148.5636760597022,44,junk_value
8002,4573.114258139584,2021-10-20,transfer,1767.1817667205103,23,valid
3898,6261.623369109555,2022-04-23,deposit,442.60804764174236,79,invalid
7371,4502.617747632906,2022-02-01,deposit,1407.084741666176,40,invalid
8270,3950.9594674404525,2020-01-09,deposit,634.4630824744693,49,
5234,4254.333695816466,2022-03-18,transfer,284.3588061809729,71,
9838,5422.0349344052365,2020-02-06,deposit,671.8453043848667,74,
7806,5605.2709304780665,2021-03-28,deposit,665.2621874554284,36,invalid
5673,1049.0668672922575,2021-10-13,withdrawal,1926.282364387525,63,
9050,5754.423750129042,2020-09-10,withdrawal,343.06927101131134,51,invalid
8806,152.24134674208653,2020-10-30,withdrawal,709.791576390985,66,invalid
9152,6076.592158099265,2022-01-16,transfer,484.90299005102963,72,
4719,2552.119466475487,2021-07-25,deposit,942.0539693194337,64,null_like
5178,4419.450911622697,2021-09-15,transfer,561.503702744724,23,invalid
6122,2156.3786665163125,2022-01-02,deposit,1363.5400102254769,79,valid
8863,4437.344885763573,2022-06-10,transfer,1555.1744899571465,47,null_like
1225,2957.534365738574,2020-09-19,withdrawal,1404.446460053005,45,null_like
2633,3428.021078984101,2021-09-02,withdrawal,891.6224917569141,29,valid
3733,3637.8966850502384,2020-10-24,transfer,1560.3687224083255,74,
6387,4481.915708358594,2021-02-18,deposit,1189.6404359113249,48,valid
8994,4108.994957198456,2020-05-30,transfer,1131.9195021244461,22,null_like
9659,4581.953485427949,2022-02-27,deposit,873.3348344225269,37,invalid
2077,5020.705239686761,2021-10-02,deposit,1071.0461228101724,73,valid
7371,6768.0907927221,2022-06-08,deposit,864.9116396280128,59,valid
5175,4629.424682244584,2021-07-04,withdrawal,951.9862973403233,64,null_like
2865,4957.265411303128,2022-06-05,transfer,1093.4021962388267,60,invalid
6161,2220.855066472808,2021-05-03,deposit,1469.1109988278658,24,invalid
4748,7818.69488037116,2020-05-27,transfer,979.740824982104,39,
5413,3965.4230997992554,2020-05-26,transfer,1082.3718937321926,48,valid
2276,4269.356897375783,2021-12-21,deposit,559.8899045888364,78,
2645,3093.342783482575,2022-07-20,withdrawal,1259.773164887198,58,invalid
9172,9330.004689802168,2022-01-09,withdrawal,526.4766710797355,65,invalid
2331,7981.452273699904,2021-10-21,deposit,911.1816473073133,33,null_like
1876,4951.290815478034,2020-12-14,withdrawal,866.5482229193674,70,null_like
5492,2544.784369726015,2021-04-08,withdrawal,1556.6802529719694,54,
9173,6145.165562712317,2020-11-21,deposit,1692.2362190901938,53,invalid
8125,5405.846041702599,2020-07-05,transfer,2077.666374095309,46,
8574,6363.001394745249,2020-05-03,deposit,1505.5382287755392,60,valid
7565,8086.487056544378,2022-05-03,deposit,1376.4136069042365,42,invalid
5784,6416.217353377181,2021-08-31,withdrawal,665.1340837558032,42,invalid
9901,6779.261591246874,2020-05-23,withdrawal,883.3163556182327,46,valid
5971,3712.900335365076,2022-08-16,withdrawal,1071.6719412979446,73,invalid
9338,3403.4055109230926,2020-07-16,deposit,552.7336554318057,37,
5000,6913.404633589168,2021-09-01,withdrawal,799.4656665384562,67,
1606,7887.5292081465195,2020-10-06,transfer,856.6394126193798,43,null_like
7709,8601.880865821631,2020-10-20,deposit,0.0,42,invalid
3489,6992.53363889428,2021-02-04,withdrawal,1264.9403481933225,60,invalid
2757,4920.88969228669,2020-05-02,withdrawal,1290.0266242240712,32,
3931,5942.831112772808,2020-07-02,withdrawal,720.7426289530564,37,invalid
3976,3964.777401927657,2020-07-21,withdrawal,1849.8162083221234,21,junk_value
8587,6740.135461377508,2021-03-14,transfer,679.2706172842973,24,valid
5911,7147.263499719544,2020-09-03,deposit,1191.4311458107243,31,valid
9002,4607.300301830043,2021-02-19,deposit,1804.537086236641,21,invalid
4030,5245.340631989591,2022-07-21,withdrawal,939.3622620821656,25,invalid
7891,6469.755572099635,2022-02-04,deposit,875.820986793938,30,null_like
1345,5401.138394461886,2022-06-25,withdrawal,450.46858971417566,26,
6415,7955.060162110523,2022-04-15,deposit,528.9567326225354,36,invalid
7028,3505.5766417043533,2022-06-06,transfer,472.4547458375579,56,invalid
2059,4075.4494225899152,2020-05-09,deposit,764.7955537342895,45,
9865,6635.532598400574,2021-09-29,deposit,167.35766643377394,74,valid
3839,1886.836202680498,2021-02-06,deposit,1794.5822096239633,49,
5324,7579.505508165492,2022-02-23,withdrawal,461.751365795179,59,
2761,5799.3759035052835,2022-02-09,withdrawal,1443.515511066453,50,invalid
3797,4498.333967089905,2022-01-05,deposit,646.4419976838606,71,null_like
4531,4265.944321833355,2022-07-02,deposit,642.1649931411804,74,valid
5548,7338.591180891346,2020-08-07,deposit,1348.8884505056062,62,valid
9427,2376.3275352996807,2021-10-03,withdrawal,1287.3506308326744,44,valid
5451,5172.28776609275,2022-07-04,deposit,1205.5133274093641,22,
7229,9112.414259880645,2022-01-22,deposit,1576.0157014047581,38,
2917,6444.762715655543,2022-03-17,deposit,1918.3373154297024,54,null_like
4177,6807.869682172391,2022-07-08,withdrawal,845.5462341971158,32,invalid
8245,5534.784628143806,2021-09-16,withdrawal,73.83645049211975,64,null_like
6408,6532.1605567693805,2022-05-24,withdrawal,464.07159888376066,35,invalid
9258,4665.756572427177,2022-01-30,withdrawal,1696.2726268629785,60,
8253,6543.39742129669,2021-01-21,withdrawal,1603.2759681183875,24,null_like
1688,4625.7114699909025,2022-08-30,withdrawal,2113.009442883345,48,null_like
3681,1858.9987927536458,2021-05-24,transfer,1133.456038244697,39,valid
8683,6744.91465656029,2020-09-24,withdrawal,7.168921800342446,76,valid
9512,5369.1026063940735,2022-03-30,deposit,910.1002774242338,28,valid
9867,5729.92200493245,2021-03-17,deposit,256.3830661268785,75,null_like
9010,6517.85717957353,2021-05-11,withdrawal,1375.143455040474,61,valid
8721,6667.844309097808,2020-04-22,withdrawal,1026.96021265289,61,
8687,4682.94085394606,2021-11-22,transfer,799.4178971944114,43,
9445,2280.2877180401615,2020-08-20,withdrawal,161.5457630153728,60,valid
9135,4085.807486827456,2022-05-19,deposit,1596.5854324875722,51,null_like
7938,4695.060327238913,2021-08-30,withdrawal,1085.2659301939996,66,
7327,2030.2040631001928,2021-11-02,deposit,1242.732262323371,64,
6237,1847.2156860315013,2021-01-08,withdrawal,1728.5393127682837,18,invalid
9058,4409.197179721941,2022-09-08,transfer,1079.9383170070887,19,valid
5820,8026.8994864842625,2022-04-22,transfer,561.5347746081727,52,
3557,6492.507132054441,2020-08-21,transfer,1046.270307746811,30,null_like
6342,6346.362702539916,2022-02-24,withdrawal,1110.6430608652663,24,invalid
6971,2659.773947881281,2021-11-07,deposit,421.73200758113535,62,invalid
9716,916.5302631514187,2020-11-13,withdrawal,748.4218839724932,64,invalid
4374,4859.002443881817,2021-10-10,withdrawal,913.3394228747261,45,
5000,5763.870904463107,2021-02-14,withdrawal,1516.962571542779,52,valid
1094,5587.115864333258,2022-06-17,withdrawal,940.3687632048761,78,
3393,3788.5701539933234,2021-12-10,withdrawal,781.3702973111504,29,invalid
5752,5798.446245210558,2020-12-24,transfer,1878.791886115836,34,valid
4436,2103.972199167512,2020-09-15,transfer,985.645704893886,69,
2906,8056.936852825063,2022-01-14,withdrawal,791.9240720692759,25,invalid
3048,6984.084699073046,2021-09-19,deposit,165.78062304868592,42,invalid
5544,5056.362314738257,2021-09-24,withdrawal,709.588023576749,31,
6088,5685.450692755408,2020-10-09,withdrawal,1142.1622247596158,29,
8404,3748.874596980941,2021-01-11,transfer,1290.7162593988069,77,invalid
2679,6087.200309188865,2021-01-19,transfer,169.75866615308803,21,invalid
3255,7413.017933016714,2020-08-12,transfer,260.92645609916895,69,valid
9666,7562.032723470225,2022-08-11,withdrawal,816.6342259804904,26,valid
3219,1948.6873708598105,2022-03-25,transfer,639.7925715980813,42,null_like
1717,2807.4498262095963,2021-04-17,transfer,580.529373959849,29,valid
5869,3852.599992122842,2020-12-13,deposit,1812.7336709778235,64,invalid
6293,2792.821365568458,2021-05-20,transfer,799.6453462584634,66,invalid
5363,6115.620612703724,2021-10-01,deposit,536.0330200311397,68,invalid
9477,4763.862946017843,2022-09-14,withdrawal,1318.9240532579906,59,
6732,3708.0716417509293,2022-07-17,transfer,1606.4863646130939,27,null_like
1814,3379.495125971238,2022-06-24,transfer,1335.9432874757779,62,valid
8190,6676.9815489032835,2021-09-11,transfer,1466.1450425331395,53,invalid
6142,2760.7651334219777,2022-05-05,withdrawal,867.1121517728615,51,null_like
3048,5839.0648878140555,2022-03-14,withdrawal,1448.4872193102374,66,valid
7544,4626.057394029108,2021-10-07,transfer,1303.622726841703,57,null_like
8577,7442.067391050706,2022-04-26,transfer,425.1854005245931,42,null_like
4486,3885.0164299843327,2021-07-10,transfer,1271.6483320411453,32,
7783,3307.286690018253,2022-08-15,withdrawal,1181.020072929526,71,valid
4775,6667.05792321785,2021-07-31,deposit,1094.615989952964,25,valid
5289,5889.205336440282,2022-03-06,withdrawal,1520.3093030048794,74,
6618,6400.619758817983,2020-03-26,withdrawal,853.101674929603,76,
9352,6215.793019433078,2020-08-30,deposit,1527.3332893843817,29,
7777,2256.197714137287,2021-11-29,withdrawal,0.0,58,invalid
8554,3464.4048697917433,2020-06-08,withdrawal,1119.6654001987406,40,null_like
3923,5447.828268129323,2021-06-08,transfer,305.90764491289667,45,
4890,8392.912736580076,2020-02-05,transfer,1491.5761054599293,48,
8576,4410.100643415944,2021-06-24,deposit,822.9692265664553,49,invalid
6249,5332.904416426112,2020-06-19,withdrawal,1142.8449001335996,33,valid
7949,2580.6105143177847,2021-10-16,deposit,1065.7096720206755,65,null_like
7359,6473.687794184867,2022-06-09,deposit,1471.4230858663648,27,null_like
3190,1463.1212688742967,2022-05-07,deposit,1789.3917883061258,36,invalid
5227,6164.195406937231,2022-04-27,deposit,508.03355844497105,62,null_like
7456,4147.284807588913,2022-08-02,deposit,960.8807038283677,30,valid
2646,8002.667303910974,2022-01-03,transfer,1221.636649003203,40,
8215,8624.897115993857,2020-04-05,deposit,1110.190791394017,23,
8114,3892.8235165840106,2021-07-17,withdrawal,1143.3649195418957,46,
3869,4809.408935226096,2020-08-28,transfer,1499.6648556198768,56,valid
7949,5114.026249794169,2022-01-12,transfer,1509.2866515930205,62,invalid
1539,5467.571823581496,2021-07-28,transfer,919.631279344068,38,null_like
7031,7393.143003328983,2021-11-21,deposit,1059.9753400793713,70,null_like
9787,4511.686729418702,2021-04-05,withdrawal,852.0407894915576,59,valid
2256,4705.995996743023,2021-07-07,deposit,614.4912908173751,27,null_like
8326,151.51947945411666,2022-06-07,transfer,1695.261285800529,48,
3385,10053.864851747243,2020-07-25,deposit,1130.4445323410487,55,junk_value
7484,2410.6370485581883,2021-01-27,withdrawal,1789.0187535265493,25,valid
6560,2608.2338759296313,2022-03-05,withdrawal,779.7017657669028,62,
3849,5954.081654446243,2021-02-01,deposit,655.2610876082143,67,null_like
7738,6325.7625373348255,2022-02-05,deposit,287.708180134454,60,null_like
1600,4547.0318023003365,2022-04-28,deposit,864.0898483601734,66,invalid
3049,6014.548062214595,2020-08-05,deposit,878.9253870880347,64,invalid
8270,6871.356786294922,2020-01-05,deposit,996.3999771048317,44,null_like
3739,5362.043117407414,2022-02-07,deposit,1095.3574833583975,40,null_like
9580,2869.7726738492547,2021-10-04,transfer,1371.0764021882285,49,null_like
4476,3401.615986699493,2022-07-18,withdrawal,374.1211568191288,78,valid
9702,1327.589253793407,2021-09-04,withdrawal,984.7104902482664,34,valid
2531,5911.775544163215,2022-01-08,deposit,927.7657923501033,45,valid
4627,2624.8031619409744,2021-06-30,withdrawal,1246.8267826530441,32,valid
9717,3686.211442057209,2021-12-26,deposit,1426.9042811545341,52,invalid
2906,5783.608010805093,2021-11-14,deposit,1782.309870580375,64,
3731,6264.815478111042,2020-04-08,withdrawal,1320.9077651208454,34,
7233,3225.0156443958,2022-03-15,deposit,733.3476332860646,40,null_like
3125,6073.305505054573,2021-12-28,deposit,564.1609605815573,52,invalid
8483,3460.0535378827162,2021-07-27,deposit,436.9540455863919,68,invalid
1851,4302.695731184282,2021-02-10,withdrawal,597.4713038282982,45,
3539,1614.086371609229,2021-05-17,deposit,1318.6859887938967,76,valid
9226,1579.6632146867487,2020-02-17,withdrawal,1606.6906999524967,41,
2267,2439.1412950074337,2020-02-02,transfer,1330.9977835316527,71,
4517,10203.36622836079,2022-02-18,transfer,237.132048398159,41,null_like
9007,1266.9267658538802,2022-04-19,deposit,241.34689216075344,78,valid
2843,4933.746054252406,2020-07-19,withdrawal,1323.1486847017864,26,junk_value
4627,7511.512251147042,2020-05-14,transfer,386.56223274310526,40,
3734,7098.018451673779,2020-01-28,transfer,1086.6707118567772,18,
1950,4547.042216196946,2022-05-30,deposit,0.0,38,valid
6539,5382.198136039807,2020-08-18,deposit,762.9104217101775,43,invalid
6305,1709.2025060862165,2021-05-04,withdrawal,822.5312742838589,60,valid
4812,3942.766636500486,2022-02-11,withdrawal,818.1444754562264,74,
5070,5988.060372565477,2021-01-13,deposit,1555.0588033331587,21,
4327,5393.04233940294,2020-10-15,withdrawal,816.3855048347525,70,
2066,6455.25908727396,2021-02-22,withdrawal,90.87978300142618,56,null_like
3832,2266.242603169158,2021-11-05,deposit,1049.5632680773185,27,invalid
3479,2760.6602107477124,2021-01-26,transfer,540.9956188890977,52,invalid
5804,4777.5478773026,2021-08-15,transfer,599.2705146351359,55,invalid
5846,5208.402207903752,2021-05-13,transfer,331.99581668227097,48,valid
8392,7893.955768707466,2020-05-18,deposit,1504.532648023664,76,
2016,5512.059468627751,2020-03-03,transfer,1497.490834396177,53,invalid
3502,5031.158095162935,2021-04-16,withdrawal,1399.5441060941193,38,null_like
3814,6059.385508713462,2021-10-09,withdrawal,1059.751260632341,37,
5636,5192.241553881967,2020-05-08,withdrawal,897.4258855010659,34,null_like
6182,6159.266346427152,2022-09-03,withdrawal,670.8548793703897,37,
8419,1814.0125329366615,2021-06-04,transfer,810.0765355440456,33,null_like
6468,3566.35535879439,2022-04-18,deposit,1049.534537961705,69,valid
4572,3089.754841301294,2022-08-20,transfer,1122.9484134564523,57,null_like
7439,8330.948888925153,2020-03-05,withdrawal,1553.4952064892514,53,null_like
1260,2163.2685341339366,2022-03-23,deposit,232.104865712491,58,null_like
6311,6421.919936406983,2020-01-15,deposit,1563.1000435945705,26,null_like
7585,2311.098977931446,2020-06-05,withdrawal,1194.0851288339952,18,null_like
8513,4924.730595150303,2020-02-10,withdrawal,1046.0897548182436,32,null_like
8330,7768.545637021036,2021-05-07,deposit,1088.8894614649405,55,valid
1580,5521.347531647814,2021-01-14,withdrawal,797.6979274434282,34,invalid
2930,1968.5117700055362,2020-07-06,withdrawal,511.2189372636565,65,invalid
5206,8214.691152039984,2022-02-02,deposit,642.2415903708395,49,invalid
9815,6640.964362394729,2020-08-04,withdrawal,962.9364467849781,69,valid
9837,6177.156808841219,2022-03-02,deposit,1094.8484656088312,44,invalid
4073,,2020-02-22,transfer,1184.2418016684978,54,null_like
3204,3244.034826486878,2022-05-28,withdrawal,1742.6096205063632,62,
8509,5395.199209384799,2020-12-03,withdrawal,1160.113592749673,46,invalid
9905,4270.09454091423,2022-01-18,transfer,1159.7006167977904,39,
5432,5273.0706621654745,2021-12-20,transfer,506.53733791567373,69,
1055,7400.827815888851,2021-12-25,deposit,343.19242696046683,43,null_like
6442,2138.4497957639037,2020-10-22,transfer,766.7250341329719,71,invalid
6124,4581.352645696268,2021-12-02,transfer,1324.5600700299685,60,
5735,1953.6261904324506,2020-09-08,deposit,1671.4371064747058,28,invalid
9150,2906.1780346361206,2021-12-27,transfer,722.2289192122822,51,invalid
1728,6928.174336576714,2021-04-06,withdrawal,1549.6886940912257,50,valid
4766,5657.524820606961,2021-03-31,transfer,1294.9742422774714,48,
6797,4522.135801660612,2022-09-23,withdrawal,373.91277626783005,37,valid
